"201801111111","2018/4/16 15:22:33","recommend_insert"
"201804165000","2018/4/16 05:00:00","recommend_insert"
"201804185000","2018/4/18 05:00:00","recommend_insert"
"201804215000","2018/4/21 05:00:00","recommend_insert"
"201804225000","2018/4/22 05:00:00","recommend_insert"
"201804235000","2018/4/23 05:00:00","recommend_insert"
"201804245000","2018/4/24 05:00:00","recommend_insert"
"201804255000","2018/4/25 05:00:00","recommend_insert"
"201804265000","2018/4/26 05:00:00","recommend_insert"
"201804275000","2018/4/27 05:00:00","recommend_insert"
"201804285000","2018/4/28 05:00:00","recommend_insert"
"201804295000","2018/4/29 05:00:00","recommend_insert"
"201804305000","2018/4/30 05:00:00","recommend_insert"
"201805015000","2018/5/1 05:00:00","recommend_insert"
"201805025000","2018/5/2 05:00:00","recommend_insert"
"201805035000","2018/5/3 05:00:00","recommend_insert"
"201805045000","2018/5/4 05:00:00","recommend_insert"
"201805055000","2018/5/5 05:00:00","recommend_insert"
"201805065000","2018/5/6 05:00:00","recommend_insert"
"201805075000","2018/5/7 05:00:00","recommend_insert"
"201805085000","2018/5/8 05:00:00","recommend_insert"
"201805095000","2018/5/9 05:00:00","recommend_insert"
"201805105000","2018/5/10 05:00:00","recommend_insert"
"201805115000","2018/5/11 05:00:00","recommend_insert"
"201805125000","2018/5/12 05:00:00","recommend_insert"
"201805135000","2018/5/13 05:00:00","recommend_insert"
"201805145000","2018/5/14 05:00:00","recommend_insert"
"201805155000","2018/5/15 05:00:00","recommend_insert"
"201805165000","2018/5/16 05:00:00","recommend_insert"
"201805175000","2018/5/17 05:00:00","recommend_insert"
"201805185000","2018/5/18 05:00:00","recommend_insert"
"201805195000","2018/5/19 05:00:00","recommend_insert"
"201805205000","2018/5/20 05:00:00","recommend_insert"
"201805225000","2018/5/22 05:00:00","recommend_insert"
"201805235000","2018/5/23 05:00:00","recommend_insert"
"201805245000","2018/5/24 05:00:00","recommend_insert"
"201805255000","2018/5/25 05:00:00","recommend_insert"
"201805265000","2018/5/26 05:00:00","recommend_insert"
"201805275000","2018/5/27 05:00:00","recommend_insert"
"201805285000","2018/5/28 05:00:00","recommend_insert"
"201805295000","2018/5/29 05:00:00","recommend_insert"
"201805305000","2018/5/30 05:00:00","recommend_insert"
"201805315000","2018/5/31 05:00:00","recommend_insert"
"201806015000","2018/6/1 05:00:00","recommend_insert"
"201806025000","2018/6/2 05:00:00","recommend_insert"
"201806035000","2018/6/3 05:00:00","recommend_insert"
"201806045000","2018/6/4 05:00:00","recommend_insert"
"201806055000","2018/6/5 05:00:00","recommend_insert"
"201806065000","2018/6/6 05:00:00","recommend_insert"
"201806075000","2018/6/7 05:00:00","recommend_insert"
"201806085000","2018/6/8 05:00:00","recommend_insert"
"201806095000","2018/6/9 05:00:00","recommend_insert"
"201806105000","2018/6/10 05:00:00","recommend_insert"
"201806115000","2018/6/11 05:00:00","recommend_insert"
"201806125000","2018/6/12 05:00:00","recommend_insert"
"201806135000","2018/6/13 05:00:00","recommend_insert"
"201806145000","2018/6/14 05:00:00","recommend_insert"
"201806155000","2018/6/15 05:00:00","recommend_insert"
"201806165000","2018/6/16 05:00:00","recommend_insert"
"201806175000","2018/6/17 05:00:00","recommend_insert"
"201806185000","2018/6/18 05:00:00","recommend_insert"
"201806195000","2018/6/19 05:00:00","recommend_insert"
"201806205000","2018/6/20 05:00:00","recommend_insert"
"201806215000","2018/6/21 05:00:00","recommend_insert"
"201806225000","2018/6/22 05:00:00","recommend_insert"
"201806235000","2018/6/23 05:00:00","recommend_insert"
"201806245000","2018/6/24 05:00:00","recommend_insert"
"201806255000","2018/6/25 05:00:00","recommend_insert"
"201806265000","2018/6/26 05:00:00","recommend_insert"
"201806275000","2018/6/27 05:00:00","recommend_insert"
"201806285000","2018/6/28 05:00:00","recommend_insert"
"201806295000","2018/6/29 05:00:00","recommend_insert"
"201806305000","2018/6/30 05:00:00","recommend_insert"
"201807015000","2018/7/1 05:00:00","recommend_insert"
"201807025000","2018/7/2 05:00:00","recommend_insert"
"201807035000","2018/7/3 05:00:00","recommend_insert"
"201807045000","2018/7/4 05:00:00","recommend_insert"
"201807055000","2018/7/5 05:00:00","recommend_insert"
"201807065000","2018/7/6 05:00:00","recommend_insert"
"201807075000","2018/7/7 05:00:00","recommend_insert"
"201807085000","2018/7/8 05:00:00","recommend_insert"
"201807095000","2018/7/9 05:00:00","recommend_insert"
"201807105000","2018/7/10 05:00:00","recommend_insert"
"201807115000","2018/7/11 05:00:00","recommend_insert"
"201807125000","2018/7/12 05:00:00","recommend_insert"
"201807135000","2018/7/13 05:00:00","recommend_insert"
"201807145000","2018/7/14 05:00:00","recommend_insert"
"201807155000","2018/7/15 05:00:00","recommend_insert"
"201807165000","2018/7/16 05:00:00","recommend_insert"
"201807175000","2018/7/17 05:00:00","recommend_insert"
"201807185000","2018/7/18 05:00:00","recommend_insert"
"201807195000","2018/7/19 05:00:00","recommend_insert"
"201807205000","2018/7/20 05:00:00","recommend_insert"
"201807215000","2018/7/21 05:00:00","recommend_insert"
"201807225000","2018/7/22 05:00:00","recommend_insert"
"201807235000","2018/7/23 05:00:00","recommend_insert"
"201807245000","2018/7/24 05:00:00","recommend_insert"
"201807255000","2018/7/25 05:00:00","recommend_insert"
"201807265000","2018/7/26 05:00:00","recommend_insert"
"201807275000","2018/7/27 05:00:00","recommend_insert"
"201807285000","2018/7/28 05:00:00","recommend_insert"
"201807295000","2018/7/29 05:00:00","recommend_insert"
"201807305000","2018/7/30 05:00:00","recommend_insert"
"201807315000","2018/7/31 05:00:00","recommend_insert"
"201808015000","2018/8/1 05:00:00","recommend_insert"
"201808025000","2018/8/2 05:00:00","recommend_insert"
"201808035000","2018/8/3 05:00:00","recommend_insert"
"201808045000","2018/8/4 05:00:00","recommend_insert"
"201808055000","2018/8/5 05:00:00","recommend_insert"
"201808065000","2018/8/6 05:00:00","recommend_insert"
"201808075000","2018/8/7 05:00:00","recommend_insert"
"201808085000","2018/8/8 05:00:00","recommend_insert"
"201808095000","2018/8/9 05:00:00","recommend_insert"
"201808105000","2018/8/10 05:00:00","recommend_insert"
"201808115000","2018/8/11 05:00:00","recommend_insert"
"201808125000","2018/8/12 05:00:00","recommend_insert"
"201808135000","2018/8/13 05:00:00","recommend_insert"
"201808145000","2018/8/14 05:00:00","recommend_insert"
"201808155000","2018/8/15 05:00:00","recommend_insert"
"201808165000","2018/8/16 05:00:00","recommend_insert"
"201808175000","2018/8/17 05:00:00","recommend_insert"
"201808185000","2018/8/18 05:00:00","recommend_insert"
"201808195000","2018/8/19 05:00:00","recommend_insert"
"201808205000","2018/8/20 05:00:00","recommend_insert"
"201808215000","2018/8/21 05:00:00","recommend_insert"
"201808225000","2018/8/22 05:00:00","recommend_insert"
"201808235000","2018/8/23 05:00:00","recommend_insert"
"201808245000","2018/8/24 05:00:00","recommend_insert"
"201808255000","2018/8/25 05:00:00","recommend_insert"
"201808265000","2018/8/26 05:00:00","recommend_insert"
"201808275000","2018/8/27 05:00:00","recommend_insert"
"201808285000","2018/8/28 05:00:00","recommend_insert"
"201808295000","2018/8/29 05:00:00","recommend_insert"
"201808305000","2018/8/30 05:00:00","recommend_insert"
"201808315000","2018/8/31 05:00:00","recommend_insert"
"201809015000","2018/9/1 05:00:00","recommend_insert"
"201809025000","2018/9/2 05:00:00","recommend_insert"
"201809035000","2018/9/3 05:00:00","recommend_insert"
"201809045000","2018/9/4 05:00:00","recommend_insert"
"201809055000","2018/9/5 05:00:00","recommend_insert"
"201809065000","2018/9/6 05:00:00","recommend_insert"
"201809075000","2018/9/7 05:00:00","recommend_insert"
"201809085000","2018/9/8 05:00:00","recommend_insert"
"201809095000","2018/9/9 05:00:00","recommend_insert"
"201809105000","2018/9/10 05:00:00","recommend_insert"
"201809115000","2018/9/11 05:00:00","recommend_insert"
"201809125000","2018/9/12 05:00:00","recommend_insert"
"201809135000","2018/9/13 05:00:00","recommend_insert"
"201809145000","2018/9/14 05:00:00","recommend_insert"
"201809155000","2018/9/15 05:00:00","recommend_insert"
"201809165000","2018/9/16 05:00:00","recommend_insert"
"201809175000","2018/9/17 05:00:00","recommend_insert"
"201809185000","2018/9/18 05:00:00","recommend_insert"
"201809195000","2018/9/19 05:00:00","recommend_insert"
"201809205000","2018/9/20 05:00:00","recommend_insert"
"201809215000","2018/9/21 05:00:00","recommend_insert"
"201809225000","2018/9/22 05:00:00","recommend_insert"
"201809235000","2018/9/23 05:00:00","recommend_insert"
"201809245000","2018/9/24 05:00:00","recommend_insert"
"201809255000","2018/9/25 05:00:00","recommend_insert"
"201809265000","2018/9/26 05:00:00","recommend_insert"
"201810085000","2018/10/8 05:00:00","recommend_insert"
"201810145000","2018/10/14 05:00:00","recommend_insert"
"201810165000","2018/10/16 05:00:00","recommend_insert"
"201810185000","2018/10/18 05:00:00","recommend_insert"
"201810245000","2018/10/24 05:00:00","recommend_insert"
"201810295000","2018/10/29 05:00:00","recommend_insert"
"201811015000","2018/11/1 05:00:00","recommend_insert"
"201811055000","2018/11/5 05:00:00","recommend_insert"
"201811295000","2018/11/29 05:00:00","recommend_insert"
